start_district,end_district,distance_km
Ajmer,Alwar,231.751528286159
Ajmer,Banswara,323.5583130044018
Ajmer,Baran,242.67069789507826
Ajmer,Barmer,332.7414766485404
Ajmer,Bharatpur,295.4613829408769
Ajmer,Bhilwara,122.71475406496282
Ajmer,Bikaner,218.69955177797252
Ajmer,Bundi,150.03834893863197
Ajmer,Chittorgarh,174.56784781374884
Ajmer,Churu,207.39334413589026
Ajmer,Dausa,176.00303119280264
Ajmer,Dholpur,323.39926346653897
Ajmer,Dungarpur,304.9248551192829
Ajmer,Hanumangarh,356.28714755244374
Ajmer,Jaipur,125.06207425558726
Ajmer,Jaisalmer,374.33258675894524
Ajmer,Jalore,236.45307533196566
Ajmer,Jhalawar,256.4181417705903
Ajmer,Jhunjhunu,201.22301503359245
Ajmer,Jodhpur,162.68841884361308
Ajmer,Karauli,237.60369475626402
Ajmer,Kota,184.1734787192885
Ajmer,Nagaur,122.67662081259056
Ajmer,Pali,151.48085401387144
Ajmer,Pratapgarh,269.20535464342123
Ajmer,Rajsamand,171.4543842899006
Ajmer,Sawai Madhopur,176.48219634867073
Ajmer,Sikar,138.37712724083988
Ajmer,Sirohi,249.51119731751018
Ajmer,Sri Ganganagar,391.2604458509129
Ajmer,Tonk,119.0172075156263
Ajmer,Udaipur,227.24915615609882
Alwar,Ajmer,231.751528286159
Alwar,Banswara,496.6973882542624
Alwar,Baran,273.05173708217296
Alwar,Barmer,556.5348864549168
Alwar,Bharatpur,93.26503759591805
Alwar,Bhilwara,314.94996636304194
Alwar,Bikaner,330.07562609862117
Alwar,Bundi,254.47423698290646
Alwar,Chittorgarh,357.6350931943234
Alwar,Churu,182.9785811646817
Alwar,Dausa,78.37099224360301
Alwar,Dholpur,156.03948560223913
Alwar,Dungarpur,505.6368990435664
Alwar,Hanumangarh,324.6415592158518
Alwar,Jaipur,109.2041068815025
Alwar,Jaisalmer,569.5648343585276
Alwar,Jalore,468.15395937071037
Alwar,Jhalawar,331.9751210431113
Alwar,Jhunjhunu,136.4715464978408
Alwar,Jodhpur,385.7673722796199
Alwar,Karauli,124.92559776181467
Alwar,Kota,270.85020625722603
Alwar,Nagaur,288.2021853661299
Alwar,Pali,383.11824074523855
Alwar,Pratapgarh,433.0117194304672
Alwar,Rajsamand,388.66705176971436
Alwar,Sawai Madhopur,172.25024455126336
Alwar,Sikar,146.53569695856856
Alwar,Sirohi,478.8276215156108
Alwar,Sri Ganganagar,374.32992399576824
Alwar,Tonk,175.40969020956055
Alwar,Udaipur,439.8215242266177
Banswara,Ajmer,323.5583130044018
Banswara,Alwar,496.6973882542624
Banswara,Baran,274.55004821895017
Banswara,Barmer,392.5817818053698
Banswara,Bharatpur,510.72776966716003
Banswara,Bhilwara,201.2651359319367
Banswara,Bikaner,510.340270834438
Banswara,Bundi,243.3561902429122
Banswara,Chittorgarh,149.64618856425764
Banswara,Churu,530.4625492940536
Banswara,Dausa,418.76631835359416
Banswara,Dholpur,493.36450476075277
Banswara,Dungarpur,80.73584484460832
Banswara,Hanumangarh,677.7546032610397
Banswara,Jaipur,398.2640255460383
Banswara,Jaisalmer,515.9140915810331
Banswara,Jalore,272.23270989634557
Banswara,Jhalawar,210.5130933460295
Banswara,Jhunjhunu,518.6502390221092
Banswara,Jodhpur,331.5155389013117
Banswara,Karauli,418.50597580534446
Banswara,Kota,235.28542807188083
Banswara,Nagaur,412.3736716089055
Banswara,Pali,271.8546568474665
Banswara,Pratapgarh,64.20889565310297
Banswara,Rajsamand,178.0962343757423
Banswara,Sawai Madhopur,336.2386792474973
Banswara,Sikar,457.6059399028417
Banswara,Sirohi,218.2591697052733
Banswara,Sri Ganganagar,709.1184651124648
Banswara,Tonk,321.3988256890565
Banswara,Udaipur,136.88882851429685
Baran,Ajmer,242.67069789507826
Baran,Alwar,273.05173708217296
Baran,Banswara,274.55004821895017
Baran,Barmer,521.4699790055867
Baran,Bharatpur,253.95192750345285
Baran,Bhilwara,193.2796786804783
Baran,Bikaner,457.13850077564797
Baran,Bundi,98.73353677522941
Baran,Chittorgarh,194.26972951315332
Baran,Churu,388.40981186294516
Baran,Dausa,200.83042876086355
Baran,Dholpur,222.98675083623002
Baran,Dungarpur,318.96668773915786
Baran,Hanumangarh,551.4182980522454
Baran,Jaipur,215.40460689720592
Baran,Jaisalmer,598.1556195340349
Baran,Jalore,395.8837622072672
Baran,Jhalawar,67.82425349808861
Baran,Jhunjhunu,355.6502242443717
Baran,Jodhpur,374.70866051661943
Baran,Karauli,161.9281328506439
Baran,Kota,69.4141990785426
Baran,Nagaur,365.0142385847554
Baran,Pali,331.808727709328
Baran,Pratapgarh,214.40717874786307
Baran,Rajsamand,267.82414546587745
Baran,Sawai Madhopur,104.84462405678428
Baran,Sikar,312.53042831983606
Baran,Sirohi,372.05371283181
Baran,Sri Ganganagar,595.4762854498559
Baran,Tonk,140.32169142823136
Baran,Udaipur,291.19108316634146
Barmer,Ajmer,332.7414766485404
Barmer,Alwar,556.5348864549168
Barmer,Banswara,392.5817818053698
Barmer,Baran,521.4699790055867
Barmer,Bharatpur,627.6944729397019
Barmer,Bhilwara,328.2007618944536
Barmer,Bikaner,315.9415685862063
Barmer,Bundi,426.2705988935197
Barmer,Chittorgarh,338.7629353622196
Barmer,Churu,452.10056363573653
Barmer,Dausa,508.4778560196265
Barmer,Dholpur,654.8803181881881
Barmer,Dungarpur,315.38903893635944
Barmer,Hanumangarh,518.2274788635846
Barmer,Jaipur,455.9011528631785
Barmer,Jaisalmer,138.5723115810723
Barmer,Jalore,129.91108999903028
Barmer,Jhalawar,495.88243411824413
Barmer,Jhunjhunu,476.56167479994235
Barmer,Jodhpur,171.20103409438744
Barmer,Karauli,567.6644769617799
Barmer,Kota,452.0928585228953
Barmer,Nagaur,282.7117067729152
Barmer,Pali,192.65073981489692
Barmer,Pratapgarh,390.40494274926897
Barmer,Rajsamand,260.731101928087
Barmer,Sawai Madhopur,495.5308172893061
Barmer,Sikar,425.3133424456694
Barmer,Sirohi,175.50084897472405
Barmer,Sri Ganganagar,522.1354172819075
Barmer,Tonk,441.25908731239207
Barmer,Udaipur,266.32164478902035
Bharatpur,Ajmer,295.4613829408769
Bharatpur,Alwar,93.26503759591805
Bharatpur,Banswara,510.72776966716003
Bharatpur,Baran,253.95192750345285
Bharatpur,Barmer,627.6944729397019
Bharatpur,Bhilwara,352.153376206358
Bharatpur,Bikaner,421.3355230791128
Bharatpur,Bundi,270.3937198221124
Bharatpur,Chittorgarh,386.2733745278658
Bharatpur,Churu,276.10955529610254
Bharatpur,Dausa,119.49247417548858
Bharatpur,Dholpur,68.99545566048641
Bharatpur,Dungarpur,533.7341369233563
Bharatpur,Hanumangarh,412.1879105329939
Bharatpur,Jaipur,172.05907574232862
Bharatpur,Jaisalmer,652.5743075508484
Bharatpur,Jalore,528.3910312037466
Bharatpur,Jhalawar,320.3870141851395
Bharatpur,Jhunjhunu,229.530685431928
Bharatpur,Jodhpur,456.7100794839299
Bharatpur,Karauli,93.31071067780458
Bharatpur,Kota,275.57088868474426
Bharatpur,Nagaur,371.5835481137923
Bharatpur,Pali,444.7108372165892
Bharatpur,Pratapgarh,446.6704132713016
Bharatpur,Rajsamand,432.24024967586143
Bharatpur,Sawai Madhopur,174.93047415040084
Bharatpur,Sikar,236.19023537076546
Bharatpur,Sirohi,530.5632451500732
Bharatpur,Sri Ganganagar,462.3227433355256
Bharatpur,Tonk,205.73128757274242
Bharatpur,Udaipur,477.9417740101814
Bhilwara,Ajmer,122.71475406496282
Bhilwara,Alwar,314.94996636304194
Bhilwara,Banswara,201.2651359319367
Bhilwara,Baran,193.2796786804783
Bhilwara,Barmer,328.2007618944536
Bhilwara,Bharatpur,352.153376206358
Bhilwara,Bikaner,325.585729597714
Bhilwara,Bundi,100.6388758532531
Bhilwara,Chittorgarh,51.861712586152905
Bhilwara,Churu,329.2022314870057
Bhilwara,Dausa,241.70447921870996
Bhilwara,Dholpur,357.0280999848344
Bhilwara,Dungarpur,192.1196257606129
Bhilwara,Hanumangarh,478.6185987830261
Bhilwara,Jaipur,208.3850250955908
Bhilwara,Jaisalmer,411.42469852277713
Bhilwara,Jalore,203.39911755227095
Bhilwara,Jhalawar,174.3872293435587
Bhilwara,Jhunjhunu,318.4513607254715
Bhilwara,Jodhpur,189.8468302242421
Bhilwara,Karauli,270.2438116560756
Bhilwara,Kota,123.94652819224328
Bhilwara,Nagaur,225.10559977197883
Bhilwara,Pali,140.37333045741238
Bhilwara,Pratapgarh,146.7785124446475
Bhilwara,Rajsamand,82.30717757113416
Bhilwara,Sawai Madhopur,186.59467837453815
Bhilwara,Sikar,256.7801227700447
Bhilwara,Sirohi,186.7149915191693
Bhilwara,Sri Ganganagar,512.3189088466888
Bhilwara,Tonk,146.52703987990427
Bhilwara,Udaipur,126.15458980307231
Bikaner,Ajmer,218.69955177797252
Bikaner,Alwar,330.07562609862117
Bikaner,Banswara,510.340270834438
Bikaner,Baran,457.13850077564797
Bikaner,Barmer,315.9415685862063
Bikaner,Bharatpur,421.3355230791128
Bikaner,Bhilwara,325.585729597714
Bikaner,Bundi,368.36078065601794
Bikaner,Chittorgarh,373.2881979048149
Bikaner,Churu,164.51120585598872
Bikaner,Dausa,324.00308738151404
Bikaner,Dholpur,474.33578873427376
Bikaner,Dungarpur,466.816540603023
Bikaner,Hanumangarh,203.95120783663964
Bikaner,Jaipur,273.6556077970982
Bikaner,Jaisalmer,267.18117313423556
Bikaner,Jalore,305.1301508573647
Bikaner,Jhalawar,475.1166078762643
Bikaner,Jhunjhunu,205.16065106629998
Bikaner,Jodhpur,200.40272721853339
Bikaner,Karauli,404.9162429001187
Bikaner,Kota,402.42771425998615
Bikaner,Nagaur,100.48187993587092
Bikaner,Pali,250.23575207640803
Bikaner,Pratapgarh,467.2362500072858
Bikaner,Rajsamand,333.5904748689897
Bikaner,Sawai Madhopur,373.66093784334305
Bikaner,Sikar,185.46875435559295
Bikaner,Sirohi,352.1225005056545
Bikaner,Sri Ganganagar,216.25538261104495
Bikaner,Tonk,320.9064680572006
Bikaner,Udaipur,384.31170512157456
Bundi,Ajmer,150.03834893863197
Bundi,Alwar,254.47423698290646
Bundi,Banswara,243.3561902429122
Bundi,Baran,98.73353677522941
Bundi,Barmer,426.2705988935197
Bundi,Bharatpur,270.3937198221124
Bundi,Bhilwara,100.6388758532531
Bundi,Bikaner,368.36078065601794
Bundi,Chittorgarh,119.05124503667798
Bundi,Churu,324.0572059747805
Bundi,Dausa,176.15868126044455
Bundi,Dholpur,264.2496385772173
Bundi,Dungarpur,263.90726665594843
Bundi,Hanumangarh,485.0828409511406
Bundi,Jaipur,164.23082466664883
Bundi,Jaisalmer,499.49345785891535
Bundi,Jalore,303.5629761184376
Bundi,Jhalawar,107.76255265786153
Bundi,Jhunjhunu,299.74237487650896
Bundi,Jodhpur,276.09404278421897
Bundi,Karauli,181.1640059389492
Bundi,Kota,34.13730121011038
Bundi,Nagaur,272.44813388720615
Bundi,Pali,234.87864013817247
Bundi,Pratapgarh,179.2571518280206
Bundi,Rajsamand,181.23285402471018
Bundi,Sawai Madhopur,95.97085224292901
Bundi,Sikar,246.3576737656874
Bundi,Sirohi,286.47360788941654
Bundi,Sri Ganganagar,525.5435144729619
Bundi,Tonk,81.55223530105161
Bundi,Udaipur,216.0382539242798
Chittorgarh,Ajmer,174.56784781374884
Chittorgarh,Alwar,357.6350931943234
Chittorgarh,Banswara,149.64618856425764
Chittorgarh,Baran,194.26972951315332
Chittorgarh,Barmer,338.7629353622196
Chittorgarh,Bharatpur,386.2733745278658
Chittorgarh,Bhilwara,51.861712586152905
Chittorgarh,Bikaner,373.2881979048149
Chittorgarh,Bundi,119.05124503667798
Chittorgarh,Churu,380.93914461801666
Chittorgarh,Dausa,281.86386028889336
Chittorgarh,Dholpur,383.2853893518932
Chittorgarh,Dungarpur,148.5175211187817
Chittorgarh,Hanumangarh,530.291073935713
Chittorgarh,Jaipur,253.9125963613661
Chittorgarh,Jaisalmer,435.6519057718777
Chittorgarh,Jalore,209.32941718931005
Chittorgarh,Jhalawar,157.7219020850829
Chittorgarh,Jhunjhunu,369.2854685958607
Chittorgarh,Jodhpur,220.8485733545011
Chittorgarh,Karauli,299.36494568284104
Chittorgarh,Kota,129.8108521180312
Chittorgarh,Nagaur,273.0816126215147
Chittorgarh,Pali,164.5861738441946
Chittorgarh,Pratapgarh,95.44105934917927
Chittorgarh,Rajsamand,78.07653015075363
Chittorgarh,Sawai Madhopur,214.01662293940066
Chittorgarh,Sikar,308.00695451631293
Chittorgarh,Sirohi,178.6970711195479
Chittorgarh,Sri Ganganagar,563.5379105577047
Chittorgarh,Tonk,184.02954407887944
Chittorgarh,Udaipur,98.28210023973772
Churu,Ajmer,207.39334413589026
Churu,Alwar,182.9785811646817
Churu,Banswara,530.4625492940536
Churu,Baran,388.40981186294516
Churu,Barmer,452.10056363573653
Churu,Bharatpur,276.10955529610254
Churu,Bhilwara,329.2022314870057
Churu,Bikaner,164.51120585598872
Churu,Bundi,324.0572059747805
Churu,Chittorgarh,380.93914461801666
Churu,Dausa,206.4156319570531
Churu,Dholpur,337.77235347765514
Churu,Dungarpur,510.68071754013334
Churu,Hanumangarh,163.02981420079962
Churu,Jaipur,173.73339764451964
Churu,Jaisalmer,427.74266036022476
Churu,Jalore,401.52394212160476
Churu,Jhalawar,428.0098732980954
Churu,Jhunjhunu,46.617910724609956
Churu,Jodhpur,298.0511721880883
Churu,Karauli,286.10443538187843
Churu,Kota,353.9314010452047
Churu,Nagaur,171.42310208724797
Churu,Pali,323.8351770230669
Churu,Pratapgarh,474.16480436282865
Churu,Rajsamand,374.402373459084
Churu,Sawai Madhopur,287.0080154424432
Churu,Sikar,77.71365511640208
Churu,Sirohi,433.070554399602
Churu,Sri Ganganagar,207.8098054741144
Churu,Tonk,250.7007746133492
Churu,Udaipur,430.6111026751498
Dausa,Ajmer,176.00303119280264
Dausa,Alwar,78.37099224360301
Dausa,Banswara,418.76631835359416
Dausa,Baran,200.83042876086355
Dausa,Barmer,508.4778560196265
Dausa,Bharatpur,119.49247417548858
Dausa,Bhilwara,241.70447921870996
Dausa,Bikaner,324.00308738151404
Dausa,Bundi,176.15868126044455
Dausa,Chittorgarh,281.86386028889336
Dausa,Churu,206.4156319570531
Dausa,Dholpur,154.3257965673236
Dausa,Dungarpur,430.3181666418524
Dausa,Hanumangarh,364.77910239405736
Dausa,Jaipur,54.820489219623205
Dausa,Jaisalmer,538.5441530572823
Dausa,Jalore,409.44999993628494
Dausa,Jhalawar,256.22471998617607
Dausa,Jhunjhunu,165.60413276132175
Dausa,Jodhpur,337.7000236585261
Dausa,Karauli,81.89974407753455
Dausa,Kota,192.85741832954295
Dausa,Nagaur,260.3457185948376
Dausa,Pali,325.44823360966734
Dausa,Pratapgarh,354.9439847815973
Dausa,Rajsamand,318.7596847369397
Dausa,Sawai Madhopur,96.86298296811314
Dausa,Sikar,142.93727058105665
Dausa,Sirohi,413.9269948071588
Dausa,Sri Ganganagar,412.22988766649934
Dausa,Tonk,98.1544985042349
Dausa,Udaipur,367.6689562325546
Dholpur,Ajmer,323.39926346653897
Dholpur,Alwar,156.03948560223913
Dholpur,Banswara,493.36450476075277
Dholpur,Baran,222.98675083623002
Dholpur,Barmer,654.8803181881881
Dholpur,Bharatpur,68.99545566048641
Dholpur,Bhilwara,357.0280999848344
Dholpur,Bikaner,474.33578873427376
Dholpur,Bundi,264.2496385772173
Dholpur,Chittorgarh,383.2853893518932
Dholpur,Churu,337.77235347765514
Dholpur,Dausa,154.3257965673236
Dholpur,Dungarpur,526.3428438747493
Dholpur,Hanumangarh,479.32182422757194
Dholpur,Jaipur,208.96283277859914
Dholpur,Jaisalmer,692.1807880785353
Dholpur,Jalore,546.9042212565133
Dholpur,Jhalawar,290.7846551451256
Dholpur,Jhunjhunu,291.6736947040428
Dholpur,Jodhpur,486.00605004239156
Dholpur,Karauli,88.13089812351089
Dholpur,Kota,260.73079454713877
Dholpur,Nagaur,414.6683622522393
Dholpur,Pali,466.0073355617185
Dholpur,Pratapgarh,430.58819017049336
Dholpur,Rajsamand,439.19892025637233
Dholpur,Sawai Madhopur,170.56922093766872
Dholpur,Sikar,289.32204504385214
Dholpur,Sirohi,541.8656267234992
Dholpur,Sri Ganganagar,529.3055087459493
Dholpur,Tonk,216.58814552027212
Dholpur,Udaipur,479.4512442632054
Dungarpur,Ajmer,304.9248551192829
Dungarpur,Alwar,505.6368990435664
Dungarpur,Banswara,80.73584484460832
Dungarpur,Baran,318.96668773915786
Dungarpur,Barmer,315.38903893635944
Dungarpur,Bharatpur,533.7341369233563
Dungarpur,Bhilwara,192.1196257606129
Dungarpur,Bikaner,466.816540603023
Dungarpur,Bundi,263.90726665594843
Dungarpur,Chittorgarh,148.5175211187817
Dungarpur,Churu,510.68071754013334
Dungarpur,Dausa,430.3181666418524
Dungarpur,Dholpur,526.3428438747493
Dungarpur,Hanumangarh,647.582388397756
Dungarpur,Jaipur,400.3139623280807
Dungarpur,Jaisalmer,442.8964498216819
Dungarpur,Jalore,201.0215907665975
Dungarpur,Jhalawar,262.31155353411054
Dungarpur,Jhunjhunu,505.9008630623374
Dungarpur,Jodhpur,275.54330710253447
Dungarpur,Karauli,445.01860997591433
Dungarpur,Kota,266.17146966250795
Dungarpur,Nagaur,373.6222656819548
Dungarpur,Pali,218.39433363659802
Dungarpur,Pratapgarh,110.403041800343
Dungarpur,Rajsamand,137.52605012627507
Dungarpur,Sawai Madhopur,359.874998259582
Dungarpur,Sikar,443.1904642716807
Dungarpur,Sirohi,144.46992265484195
Dungarpur,Sri Ganganagar,674.4673817496943
Dungarpur,Tonk,332.5470002876025
Dungarpur,Udaipur,82.8850860712633
Hanumangarh,Ajmer,356.28714755244374
Hanumangarh,Alwar,324.6415592158518
Hanumangarh,Banswara,677.7546032610397
Hanumangarh,Baran,551.4182980522454
Hanumangarh,Barmer,518.2274788635846
Hanumangarh,Bharatpur,412.1879105329939
Hanumangarh,Bhilwara,478.6185987830261
Hanumangarh,Bikaner,203.95120783663964
Hanumangarh,Bundi,485.0828409511406
Hanumangarh,Chittorgarh,530.291073935713
Hanumangarh,Churu,163.02981420079962
Hanumangarh,Dausa,364.77910239405736
Hanumangarh,Dholpur,479.32182422757194
Hanumangarh,Dungarpur,647.582388397756
Hanumangarh,Jaipur,336.4417623146001
Hanumangarh,Jaisalmer,449.47891877963866
Hanumangarh,Jalore,505.0715845130953
Hanumangarh,Jhalawar,590.2456244053068
Hanumangarh,Jhunjhunu,199.23162165269284
Hanumangarh,Jodhpur,398.3965430706169
Hanumangarh,Karauli,440.9301075676295
Hanumangarh,Kota,515.8122987269695
Hanumangarh,Nagaur,276.91632096201323
Hanumangarh,Pali,440.65057417689957
Hanumangarh,Pratapgarh,625.3630583138045
Hanumangarh,Rajsamand,510.1887163600611
Hanumangarh,Sawai Madhopur,449.52684567512426
Hanumangarh,Sikar,239.9320505784339
Hanumangarh,Sirohi,547.864470136729
Hanumangarh,Sri Ganganagar,50.25648923944577
Hanumangarh,Tonk,413.50772697921946
Hanumangarh,Udaipur,565.0423635817677
Jaipur,Ajmer,125.06207425558726
Jaipur,Alwar,109.2041068815025
Jaipur,Banswara,398.2640255460383
Jaipur,Baran,215.40460689720592
Jaipur,Barmer,455.9011528631785
Jaipur,Bharatpur,172.05907574232862
Jaipur,Bhilwara,208.3850250955908
Jaipur,Bikaner,273.6556077970982
Jaipur,Bundi,164.23082466664883
Jaipur,Chittorgarh,253.9125963613661
Jaipur,Churu,173.73339764451964
Jaipur,Dausa,54.820489219623205
Jaipur,Dholpur,208.96283277859914
Jaipur,Dungarpur,400.3139623280807
Jaipur,Hanumangarh,336.4417623146001
Jaipur,Jaisalmer,483.72800762835163
Jaipur,Jalore,361.04188848791546
Jaipur,Jhalawar,260.2316154663311
Jaipur,Jhunjhunu,140.56740241452994
Jaipur,Jodhpur,284.78597960608323
Jaipur,Karauli,131.86396777249206
Jaipur,Kota,189.0342587061733
Jaipur,Nagaur,205.89514838955418
Jaipur,Pali,276.283249011512
Jaipur,Pratapgarh,335.9908062696563
Jaipur,Rajsamand,279.87576763901205
Jaipur,Sawai Madhopur,113.30478242476275
Jaipur,Sikar,100.74171165985976
Jaipur,Sirohi,369.8186365593358
Jaipur,Sri Ganganagar,381.4797543312692
Jaipur,Tonk,83.44107381887363
Jaipur,Udaipur,331.84566080652024
Jaisalmer,Ajmer,374.33258675894524
Jaisalmer,Alwar,569.5648343585276
Jaisalmer,Banswara,515.9140915810331
Jaisalmer,Baran,598.1556195340349
Jaisalmer,Barmer,138.5723115810723
Jaisalmer,Bharatpur,652.5743075508484
Jaisalmer,Bhilwara,411.42469852277713
Jaisalmer,Bikaner,267.18117313423556
Jaisalmer,Bundi,499.49345785891535
Jaisalmer,Chittorgarh,435.6519057718777
Jaisalmer,Churu,427.74266036022476
Jaisalmer,Dausa,538.5441530572823
Jaisalmer,Dholpur,692.1807880785353
Jaisalmer,Dungarpur,442.8964498216819
Jaisalmer,Hanumangarh,449.47891877963866
Jaisalmer,Jaipur,483.72800762835163
Jaisalmer,Jalore,243.70588979700068
Jaisalmer,Jhalawar,585.709949835542
Jaisalmer,Jhunjhunu,462.943965002485
Jaisalmer,Jodhpur,223.4742168704044
Jaisalmer,Karauli,609.5749309641828
Jaisalmer,Kota,529.9644587155749
Jaisalmer,Nagaur,281.5180970924671
Jaisalmer,Pali,272.1752022048591
Jaisalmer,Pratapgarh,503.4708313112318
Jaisalmer,Rajsamand,361.48284013967793
Jaisalmer,Sawai Madhopur,550.0647925818673
Jaisalmer,Sikar,425.3215276773566
Jaisalmer,Sirohi,298.6114788795005
Jaisalmer,Sri Ganganagar,441.21599620888185
Jaisalmer,Tonk,492.7580064548493
Jaisalmer,Udaipur,382.0942732678239
Jalore,Ajmer,236.45307533196566
Jalore,Alwar,468.15395937071037
Jalore,Banswara,272.23270989634557
Jalore,Baran,395.8837622072672
Jalore,Barmer,129.91108999903028
Jalore,Bharatpur,528.3910312037466
Jalore,Bhilwara,203.39911755227095
Jalore,Bikaner,305.1301508573647
Jalore,Bundi,303.5629761184376
Jalore,Chittorgarh,209.32941718931005
Jalore,Churu,401.52394212160476
Jalore,Dausa,409.44999993628494
Jalore,Dholpur,546.9042212565133
Jalore,Dungarpur,201.0215907665975
Jalore,Hanumangarh,505.0715845130953
Jalore,Jaipur,361.04188848791546
Jalore,Jaisalmer,243.70588979700068
Jalore,Jhalawar,366.8671023274649
Jalore,Jhunjhunu,414.51450416400814
Jalore,Jodhpur,106.93333737254365
Jalore,Karauli,458.7825972275843
Jalore,Kota,326.9211393087743
Jalore,Nagaur,233.9011001764031
Jalore,Pali,85.0607448284654
Jalore,Pratapgarh,262.78353272998453
Jalore,Rajsamand,131.26202967228
Jalore,Sawai Madhopur,380.96282078942073
Jalore,Sikar,355.3927949050087
Jalore,Sirohi,57.42187349240213
Jalore,Sri Ganganagar,521.3500348739656
Jalore,Tonk,330.35567277094015
Jalore,Udaipur,139.38953807669458
Jhalawar,Ajmer,256.4181417705903
Jhalawar,Alwar,331.9751210431113
Jhalawar,Banswara,210.5130933460295
Jhalawar,Baran,67.82425349808861
Jhalawar,Barmer,495.88243411824413
Jhalawar,Bharatpur,320.3870141851395
Jhalawar,Bhilwara,174.3872293435587
Jhalawar,Bikaner,475.1166078762643
Jhalawar,Bundi,107.76255265786153
Jhalawar,Chittorgarh,157.7219020850829
Jhalawar,Churu,428.0098732980954
Jhalawar,Dausa,256.22471998617607
Jhalawar,Dholpur,290.7846551451256
Jhalawar,Dungarpur,262.31155353411054
Jhalawar,Hanumangarh,590.2456244053068
Jhalawar,Jaipur,260.2316154663311
Jhalawar,Jaisalmer,585.709949835542
Jhalawar,Jalore,366.8671023274649
Jhalawar,Jhunjhunu,400.04600917795756
Jhalawar,Jodhpur,364.05231707473087
Jhalawar,Karauli,227.54619476714927
Jhalawar,Kota,74.84760679455374
Jhalawar,Nagaur,377.8002535306185
Jhalawar,Pali,313.95799134127867
Jhalawar,Pratapgarh,153.6764663300471
Jhalawar,Rajsamand,235.64716686120659
Jhalawar,Sawai Madhopur,159.80696242383092
Jhalawar,Sikar,350.4652779315783
Jhalawar,Sirohi,334.9418913698557
Jhalawar,Sri Ganganagar,631.793960869533
Jhalawar,Tonk,178.02780178300134
Jhalawar,Udaipur,247.4862467544552
Jhunjhunu,Ajmer,201.22301503359245
Jhunjhunu,Alwar,136.4715464978408
Jhunjhunu,Banswara,518.6502390221092
Jhunjhunu,Baran,355.6502242443717
Jhunjhunu,Barmer,476.56167479994235
Jhunjhunu,Bharatpur,229.530685431928
Jhunjhunu,Bhilwara,318.4513607254715
Jhunjhunu,Bikaner,205.16065106629998
Jhunjhunu,Bundi,299.74237487650896
Jhunjhunu,Chittorgarh,369.2854685958607
Jhunjhunu,Churu,46.617910724609956
Jhunjhunu,Dausa,165.60413276132175
Jhunjhunu,Dholpur,291.6736947040428
Jhunjhunu,Dungarpur,505.9008630623374
Jhunjhunu,Hanumangarh,199.23162165269284
Jhunjhunu,Jaipur,140.56740241452994
Jhunjhunu,Jaisalmer,462.943965002485
Jhunjhunu,Jalore,414.51450416400814
Jhunjhunu,Jhalawar,400.04600917795756
Jhunjhunu,Jodhpur,315.20846713413175
Jhunjhunu,Karauli,243.2064319117768
Jhunjhunu,Kota,327.42232170516047
Jhunjhunu,Nagaur,193.8990612841116
Jhunjhunu,Pali,333.14312687540087
Jhunjhunu,Pratapgarh,459.7917120623233
Jhunjhunu,Rajsamand,372.37122845204027
Jhunjhunu,Sawai Madhopur,252.0718918117848
Jhunjhunu,Sikar,62.89855281230352
Jhunjhunu,Sirohi,440.7154996621533
Jhunjhunu,Sri Ganganagar,246.70143059562832
Jhunjhunu,Tonk,222.09214647546446
Jhunjhunu,Udaipur,428.3585865729771
Jodhpur,Ajmer,162.68841884361308
Jodhpur,Alwar,385.7673722796199
Jodhpur,Banswara,331.5155389013117
Jodhpur,Baran,374.70866051661943
Jodhpur,Barmer,171.20103409438744
Jodhpur,Bharatpur,456.7100794839299
Jodhpur,Bhilwara,189.8468302242421
Jodhpur,Bikaner,200.40272721853339
Jodhpur,Bundi,276.09404278421897
Jodhpur,Chittorgarh,220.8485733545011
Jodhpur,Churu,298.0511721880883
Jodhpur,Dausa,337.7000236585261
Jodhpur,Dholpur,486.00605004239156
Jodhpur,Dungarpur,275.54330710253447
Jodhpur,Hanumangarh,398.3965430706169
Jodhpur,Jaipur,284.78597960608323
Jodhpur,Jaisalmer,223.4742168704044
Jodhpur,Jalore,106.93333737254365
Jodhpur,Jhalawar,364.05231707473087
Jodhpur,Jhunjhunu,315.20846713413175
Jodhpur,Karauli,399.69102395223297
Jodhpur,Kota,306.5123532626753
Jodhpur,Nagaur,127.98311687363596
Jodhpur,Pali,59.8686427731007
Jodhpur,Pratapgarh,302.1582177688455
Jodhpur,Rajsamand,156.2122529444391
Jodhpur,Sawai Madhopur,332.29592706812133
Jodhpur,Sikar,259.40440637056935
Jodhpur,Sirohi,151.7610704939213
Jodhpur,Sri Ganganagar,416.0159988647497
Jodhpur,Tonk,276.0516541841246
Jodhpur,Udaipur,196.42258229660575
Karauli,Ajmer,237.60369475626402
Karauli,Alwar,124.92559776181467
Karauli,Banswara,418.50597580534446
Karauli,Baran,161.9281328506439
Karauli,Barmer,567.6644769617799
Karauli,Bharatpur,93.31071067780458
Karauli,Bhilwara,270.2438116560756
Karauli,Bikaner,404.9162429001187
Karauli,Bundi,181.1640059389492
Karauli,Chittorgarh,299.36494568284104
Karauli,Churu,286.10443538187843
Karauli,Dausa,81.89974407753455
Karauli,Dholpur,88.13089812351089
Karauli,Dungarpur,445.01860997591433
Karauli,Hanumangarh,440.9301075676295
Karauli,Jaipur,131.86396777249206
Karauli,Jaisalmer,609.5749309641828
Karauli,Jalore,458.7825972275843
Karauli,Jhalawar,227.54619476714927
Karauli,Jhunjhunu,243.2064319117768
Karauli,Jodhpur,399.69102395223297
Karauli,Kota,183.23182634440423
Karauli,Nagaur,336.19278317893395
Karauli,Pali,378.1087873564734
Karauli,Pratapgarh,354.63910393747693
Karauli,Rajsamand,352.1462742661329
Karauli,Sawai Madhopur,85.3621602527811
Karauli,Sikar,224.83250928976085
Karauli,Sirohi,454.1790579026342
Karauli,Sri Ganganagar,489.3950890525972
Karauli,Tonk,128.457432511792
Karauli,Udaipur,394.04959407324503
Kota,Ajmer,184.1734787192885
Kota,Alwar,270.85020625722603
Kota,Banswara,235.28542807188083
Kota,Baran,69.4141990785426
Kota,Barmer,452.0928585228953
Kota,Bharatpur,275.57088868474426
Kota,Bhilwara,123.94652819224328
Kota,Bikaner,402.42771425998615
Kota,Bundi,34.13730121011038
Kota,Chittorgarh,129.8108521180312
Kota,Churu,353.9314010452047
Kota,Dausa,192.85741832954295
Kota,Dholpur,260.73079454713877
Kota,Dungarpur,266.17146966250795
Kota,Hanumangarh,515.8122987269695
Kota,Jaipur,189.0342587061733
Kota,Jaisalmer,529.9644587155749
Kota,Jalore,326.9211393087743
Kota,Jhalawar,74.84760679455374
Kota,Jhunjhunu,327.42232170516047
Kota,Jodhpur,306.5123532626753
Kota,Karauli,183.23182634440423
Kota,Nagaur,306.573954551936
Kota,Pali,262.50823201866547
Kota,Pratapgarh,171.42217745769807
Kota,Rajsamand,200.12841903792574
Kota,Sawai Madhopur,102.1002133595329
Kota,Sikar,276.26928820957545
Kota,Sirohi,305.07495206471197
Kota,Sri Ganganagar,557.0611446467774
Kota,Tonk,105.70181654849968
Kota,Udaipur,228.04380097976735
Nagaur,Ajmer,122.67662081259056
Nagaur,Alwar,288.2021853661299
Nagaur,Banswara,412.3736716089055
Nagaur,Baran,365.0142385847554
Nagaur,Barmer,282.7117067729152
Nagaur,Bharatpur,371.5835481137923
Nagaur,Bhilwara,225.10559977197883
Nagaur,Bikaner,100.48187993587092
Nagaur,Bundi,272.44813388720615
Nagaur,Chittorgarh,273.0816126215147
Nagaur,Churu,171.42310208724797
Nagaur,Dausa,260.3457185948376
Nagaur,Dholpur,414.6683622522393
Nagaur,Dungarpur,373.6222656819548
Nagaur,Hanumangarh,276.91632096201323
Nagaur,Jaipur,205.89514838955418
Nagaur,Jaisalmer,281.5180970924671
Nagaur,Jalore,233.9011001764031
Nagaur,Jhalawar,377.8002535306185
Nagaur,Jhunjhunu,193.8990612841116
Nagaur,Jodhpur,127.98311687363596
Nagaur,Karauli,336.19278317893395
Nagaur,Kota,306.573954551936
Nagaur,Pali,163.88381057905502
Nagaur,Pratapgarh,367.43999699593047
Nagaur,Rajsamand,237.68419860011997
Nagaur,Sawai Madhopur,290.65795877308426
Nagaur,Sikar,146.19518909475545
Nagaur,Sirohi,272.12935327468335
Nagaur,Sri Ganganagar,300.97707553554005
Nagaur,Tonk,234.6722366941455
Nagaur,Udaipur,290.73769830761887
Pali,Ajmer,151.48085401387144
Pali,Alwar,383.11824074523855
Pali,Banswara,271.8546568474665
Pali,Baran,331.808727709328
Pali,Barmer,192.65073981489692
Pali,Bharatpur,444.7108372165892
Pali,Bhilwara,140.37333045741238
Pali,Bikaner,250.23575207640803
Pali,Bundi,234.87864013817247
Pali,Chittorgarh,164.5861738441946
Pali,Churu,323.8351770230669
Pali,Dausa,325.44823360966734
Pali,Dholpur,466.0073355617185
Pali,Dungarpur,218.39433363659802
Pali,Hanumangarh,440.65057417689957
Pali,Jaipur,276.283249011512
Pali,Jaisalmer,272.1752022048591
Pali,Jalore,85.0607448284654
Pali,Jhalawar,313.95799134127867
Pali,Jhunjhunu,333.14312687540087
Pali,Jodhpur,59.8686427731007
Pali,Karauli,378.1087873564734
Pali,Kota,262.50823201866547
Pali,Nagaur,163.88381057905502
Pali,Pratapgarh,242.70266839780354
Pali,Rajsamand,96.53441611576302
Pali,Sawai Madhopur,303.44631359423914
Pali,Sikar,272.73434107564543
Pali,Sirohi,109.46804651100139
Pali,Sri Ganganagar,462.5908096262244
Pali,Tonk,250.3247220053072
Pali,Udaipur,137.67828685211057
Pratapgarh,Ajmer,269.20535464342123
Pratapgarh,Alwar,433.0117194304672
Pratapgarh,Banswara,64.20889565310297
Pratapgarh,Baran,214.40717874786307
Pratapgarh,Barmer,390.40494274926897
Pratapgarh,Bharatpur,446.6704132713016
Pratapgarh,Bhilwara,146.7785124446475
Pratapgarh,Bikaner,467.2362500072858
Pratapgarh,Bundi,179.2571518280206
Pratapgarh,Chittorgarh,95.44105934917927
Pratapgarh,Churu,474.16480436282865
Pratapgarh,Dausa,354.9439847815973
Pratapgarh,Dholpur,430.58819017049336
Pratapgarh,Dungarpur,110.403041800343
Pratapgarh,Hanumangarh,625.3630583138045
Pratapgarh,Jaipur,335.9908062696563
Pratapgarh,Jaisalmer,503.4708313112318
Pratapgarh,Jalore,262.78353272998453
Pratapgarh,Jhalawar,153.6764663300471
Pratapgarh,Jhunjhunu,459.7917120623233
Pratapgarh,Jodhpur,302.1582177688455
Pratapgarh,Karauli,354.63910393747693
Pratapgarh,Kota,171.42217745769807
Pratapgarh,Nagaur,367.43999699593047
Pratapgarh,Pali,242.70266839780354
Pratapgarh,Rajsamand,146.23830554145698
Pratapgarh,Sawai Madhopur,272.07638306249623
Pratapgarh,Sikar,399.7397982647586
Pratapgarh,Sirohi,215.8675113456566
Pratapgarh,Sri Ganganagar,658.9503151509381
Pratapgarh,Tonk,257.91757970960583
Pratapgarh,Udaipur,124.08336239874899
Rajsamand,Ajmer,171.4543842899006
Rajsamand,Alwar,388.66705176971436
Rajsamand,Banswara,178.0962343757423
Rajsamand,Baran,267.82414546587745
Rajsamand,Barmer,260.731101928087
Rajsamand,Bharatpur,432.24024967586143
Rajsamand,Bhilwara,82.30717757113416
Rajsamand,Bikaner,333.5904748689897
Rajsamand,Bundi,181.23285402471018
Rajsamand,Chittorgarh,78.07653015075363
Rajsamand,Churu,374.402373459084
Rajsamand,Dausa,318.7596847369397
Rajsamand,Dholpur,439.19892025637233
Rajsamand,Dungarpur,137.52605012627507
Rajsamand,Hanumangarh,510.1887163600611
Rajsamand,Jaipur,279.87576763901205
Rajsamand,Jaisalmer,361.48284013967793
Rajsamand,Jalore,131.26202967228
Rajsamand,Jhalawar,235.64716686120659
Rajsamand,Jhunjhunu,372.37122845204027
Rajsamand,Jodhpur,156.2122529444391
Rajsamand,Karauli,352.1462742661329
Rajsamand,Kota,200.12841903792574
Rajsamand,Nagaur,237.68419860011997
Rajsamand,Pali,96.53441611576302
Rajsamand,Pratapgarh,146.23830554145698
Rajsamand,Sawai Madhopur,268.86174050320005
Rajsamand,Sikar,309.473137471995
Rajsamand,Sirohi,105.31257811025976
Rajsamand,Sri Ganganagar,537.861315901936
Rajsamand,Tonk,226.66376705553418
Rajsamand,Udaipur,56.225432296546074
Sawai Madhopur,Ajmer,176.48219634867073
Sawai Madhopur,Alwar,172.25024455126336
Sawai Madhopur,Banswara,336.2386792474973
Sawai Madhopur,Baran,104.84462405678428
Sawai Madhopur,Barmer,495.5308172893061
Sawai Madhopur,Bharatpur,174.93047415040084
Sawai Madhopur,Bhilwara,186.59467837453815
Sawai Madhopur,Bikaner,373.66093784334305
Sawai Madhopur,Bundi,95.97085224292901
Sawai Madhopur,Chittorgarh,214.01662293940066
Sawai Madhopur,Churu,287.0080154424432
Sawai Madhopur,Dausa,96.86298296811314
Sawai Madhopur,Dholpur,170.56922093766872
Sawai Madhopur,Dungarpur,359.874998259582
Sawai Madhopur,Hanumangarh,449.52684567512426
Sawai Madhopur,Jaipur,113.30478242476275
Sawai Madhopur,Jaisalmer,550.0647925818673
Sawai Madhopur,Jalore,380.96282078942073
Sawai Madhopur,Jhalawar,159.80696242383092
Sawai Madhopur,Jhunjhunu,252.0718918117848
Sawai Madhopur,Jodhpur,332.29592706812133
Sawai Madhopur,Karauli,85.3621602527811
Sawai Madhopur,Kota,102.1002133595329
Sawai Madhopur,Nagaur,290.65795877308426
Sawai Madhopur,Pali,303.44631359423914
Sawai Madhopur,Pratapgarh,272.07638306249623
Sawai Madhopur,Rajsamand,268.86174050320005
Sawai Madhopur,Sikar,213.2549650895789
Sawai Madhopur,Sirohi,372.27860069949406
Sawai Madhopur,Sri Ganganagar,494.7804202497023
Sawai Madhopur,Tonk,57.46628999478661
Sawai Madhopur,Udaipur,309.1477250175785
Sikar,Ajmer,138.37712724083988
Sikar,Alwar,146.53569695856856
Sikar,Banswara,457.6059399028417
Sikar,Baran,312.53042831983606
Sikar,Barmer,425.3133424456694
Sikar,Bharatpur,236.19023537076546
Sikar,Bhilwara,256.7801227700447
Sikar,Bikaner,185.46875435559295
Sikar,Bundi,246.3576737656874
Sikar,Chittorgarh,308.00695451631293
Sikar,Churu,77.71365511640208
Sikar,Dausa,142.93727058105665
Sikar,Dholpur,289.32204504385214
Sikar,Dungarpur,443.1904642716807
Sikar,Hanumangarh,239.9320505784339
Sikar,Jaipur,100.74171165985976
Sikar,Jaisalmer,425.3215276773566
Sikar,Jalore,355.3927949050087
Sikar,Jhalawar,350.4652779315783
Sikar,Jhunjhunu,62.89855281230352
Sikar,Jodhpur,259.40440637056935
Sikar,Karauli,224.83250928976085
Sikar,Kota,276.26928820957545
Sikar,Nagaur,146.19518909475545
Sikar,Pali,272.73434107564543
Sikar,Pratapgarh,399.7397982647586
Sikar,Rajsamand,309.473137471995
Sikar,Sawai Madhopur,213.2549650895789
Sikar,Sirohi,379.3016104781077
Sikar,Sri Ganganagar,282.99043740081987
Sikar,Tonk,173.64814090481113
Sikar,Udaipur,365.463329221989
Sirohi,Ajmer,249.51119731751018
Sirohi,Alwar,478.8276215156108
Sirohi,Banswara,218.2591697052733
Sirohi,Baran,372.05371283181
Sirohi,Barmer,175.50084897472405
Sirohi,Bharatpur,530.5632451500732
Sirohi,Bhilwara,186.7149915191693
Sirohi,Bikaner,352.1225005056545
Sirohi,Bundi,286.47360788941654
Sirohi,Chittorgarh,178.6970711195479
Sirohi,Churu,433.070554399602
Sirohi,Dausa,413.9269948071588
Sirohi,Dholpur,541.8656267234992
Sirohi,Dungarpur,144.46992265484195
Sirohi,Hanumangarh,547.864470136729
Sirohi,Jaipur,369.8186365593358
Sirohi,Jaisalmer,298.6114788795005
Sirohi,Jalore,57.42187349240213
Sirohi,Jhalawar,334.9418913698557
Sirohi,Jhunjhunu,440.7154996621533
Sirohi,Jodhpur,151.7610704939213
Sirohi,Karauli,454.1790579026342
Sirohi,Kota,305.07495206471197
Sirohi,Nagaur,272.12935327468335
Sirohi,Pali,109.46804651100139
Sirohi,Pratapgarh,215.8675113456566
Sirohi,Rajsamand,105.31257811025976
Sirohi,Sawai Madhopur,372.27860069949406
Sirohi,Sikar,379.3016104781077
Sirohi,Sri Ganganagar,567.3402906804313
Sirohi,Tonk,326.74544816013065
Sirohi,Udaipur,92.35112965627017
Sri Ganganagar,Ajmer,391.2604458509129
Sri Ganganagar,Alwar,374.32992399576824
Sri Ganganagar,Banswara,709.1184651124648
Sri Ganganagar,Baran,595.4762854498559
Sri Ganganagar,Barmer,522.1354172819075
Sri Ganganagar,Bharatpur,462.3227433355256
Sri Ganganagar,Bhilwara,512.3189088466888
Sri Ganganagar,Bikaner,216.25538261104495
Sri Ganganagar,Bundi,525.5435144729619
Sri Ganganagar,Chittorgarh,563.5379105577047
Sri Ganganagar,Churu,207.8098054741144
Sri Ganganagar,Dausa,412.22988766649934
Sri Ganganagar,Dholpur,529.3055087459493
Sri Ganganagar,Dungarpur,674.4673817496943
Sri Ganganagar,Hanumangarh,50.25648923944577
Sri Ganganagar,Jaipur,381.4797543312692
Sri Ganganagar,Jaisalmer,441.21599620888185
Sri Ganganagar,Jalore,521.3500348739656
Sri Ganganagar,Jhalawar,631.793960869533
Sri Ganganagar,Jhunjhunu,246.70143059562832
Sri Ganganagar,Jodhpur,416.0159988647497
Sri Ganganagar,Karauli,489.3950890525972
Sri Ganganagar,Kota,557.0611446467774
Sri Ganganagar,Nagaur,300.97707553554005
Sri Ganganagar,Pali,462.5908096262244
Sri Ganganagar,Pratapgarh,658.9503151509381
Sri Ganganagar,Rajsamand,537.861315901936
Sri Ganganagar,Sawai Madhopur,494.7804202497023
Sri Ganganagar,Sikar,282.99043740081987
Sri Ganganagar,Sirohi,567.3402906804313
Sri Ganganagar,Tonk,456.43429837627616
Sri Ganganagar,Udaipur,591.6029086041337
Tonk,Ajmer,119.0172075156263
Tonk,Alwar,175.40969020956055
Tonk,Banswara,321.3988256890565
Tonk,Baran,140.32169142823136
Tonk,Barmer,441.25908731239207
Tonk,Bharatpur,205.73128757274242
Tonk,Bhilwara,146.52703987990427
Tonk,Bikaner,320.9064680572006
Tonk,Bundi,81.55223530105161
Tonk,Chittorgarh,184.02954407887944
Tonk,Churu,250.7007746133492
Tonk,Dausa,98.1544985042349
Tonk,Dholpur,216.58814552027212
Tonk,Dungarpur,332.5470002876025
Tonk,Hanumangarh,413.50772697921946
Tonk,Jaipur,83.44107381887363
Tonk,Jaisalmer,492.7580064548493
Tonk,Jalore,330.35567277094015
Tonk,Jhalawar,178.02780178300134
Tonk,Jhunjhunu,222.09214647546446
Tonk,Jodhpur,276.0516541841246
Tonk,Karauli,128.457432511792
Tonk,Kota,105.70181654849968
Tonk,Nagaur,234.6722366941455
Tonk,Pali,250.3247220053072
Tonk,Pratapgarh,257.91757970960583
Tonk,Rajsamand,226.66376705553418
Tonk,Sawai Madhopur,57.46628999478661
Tonk,Sikar,173.64814090481113
Tonk,Sirohi,326.74544816013065
Tonk,Sri Ganganagar,456.43429837627616
Tonk,Udaipur,272.56015917720487
Udaipur,Ajmer,227.24915615609882
Udaipur,Alwar,439.8215242266177
Udaipur,Banswara,136.88882851429685
Udaipur,Baran,291.19108316634146
Udaipur,Barmer,266.32164478902035
Udaipur,Bharatpur,477.9417740101814
Udaipur,Bhilwara,126.15458980307231
Udaipur,Bikaner,384.31170512157456
Udaipur,Bundi,216.0382539242798
Udaipur,Chittorgarh,98.28210023973772
Udaipur,Churu,430.6111026751498
Udaipur,Dausa,367.6689562325546
Udaipur,Dholpur,479.4512442632054
Udaipur,Dungarpur,82.8850860712633
Udaipur,Hanumangarh,565.0423635817677
Udaipur,Jaipur,331.84566080652024
Udaipur,Jaisalmer,382.0942732678239
Udaipur,Jalore,139.38953807669458
Udaipur,Jhalawar,247.4862467544552
Udaipur,Jhunjhunu,428.3585865729771
Udaipur,Jodhpur,196.42258229660575
Udaipur,Karauli,394.04959407324503
Udaipur,Kota,228.04380097976735
Udaipur,Nagaur,290.73769830761887
Udaipur,Pali,137.67828685211057
Udaipur,Pratapgarh,124.08336239874899
Udaipur,Rajsamand,56.225432296546074
Udaipur,Sawai Madhopur,309.1477250175785
Udaipur,Sikar,365.463329221989
Udaipur,Sirohi,92.35112965627017
Udaipur,Sri Ganganagar,591.6029086041337
Udaipur,Tonk,272.56015917720487
